﻿<?xml version="1.0" encoding="utf-8" ?>
<Defs>

 <ThingDef ParentName="BaseBullet">
    <defName>Bullet_GWBWastelandRifle</defName>
    <label>wasteland rifle bullet</label>
    <graphicData>
      <texPath>Things/Projectile/Bullet_Small</texPath>
      <graphicClass>Graphic_Single</graphicClass>
    </graphicData>
    <projectile>
      <damageDef>Bullet</damageDef>
      <damageAmountBase>11</damageAmountBase>
      <speed>70</speed>
    </projectile>
  </ThingDef>
  <ThingDef ParentName="BaseHumanMakeableGun">
    <defName>Gun_GWBWastelandRifle</defName>
    <label>Wasteland Rifle</label>
    <description>The standard issue weapon is an assault rifle with a full stock. The rifle loosely resembles a SIG SG 551/553, and can mount a scope as seen with the Sniper's weapon.</description>
    <graphicData>
      <texPath>Things/Weapons/WastelandRifle/WastelandRifle</texPath>
      <graphicClass>Graphic_Single</graphicClass>
    </graphicData>
    <soundInteract>Interact_Rifle</soundInteract>
    <recipeMaker>
      <researchPrerequisite>PrecisionRifling</researchPrerequisite>
    </recipeMaker>
    <statBases>
      <WorkToMake>4500</WorkToMake>
      <Mass>3.0</Mass>
      <AccuracyTouch>0.45</AccuracyTouch>
      <AccuracyShort>0.60</AccuracyShort>
      <AccuracyMedium>0.65</AccuracyMedium>
      <AccuracyLong>0.55</AccuracyLong>
      <RangedWeapon_Cooldown>1.0</RangedWeapon_Cooldown>
    </statBases>
    <costList>
      <Steel>50</Steel>
      <ComponentIndustrial>4</ComponentIndustrial>
    </costList>
    <verbs>
      <li>
        <verbClass>Verb_Shoot</verbClass>
        <hasStandardCommand>true</hasStandardCommand>
        <defaultProjectile>Bullet_GWBWastelandRifle</defaultProjectile>
        <warmupTime>0.5</warmupTime>
        <range>31</range>
        <burstShotCount>3</burstShotCount>
        <ticksBetweenBurstShots>7</ticksBetweenBurstShots>
        <soundCast>Shot_Minigun</soundCast>
        <soundCastTail>GunTail_Medium</soundCastTail>
        <muzzleFlashScale>9</muzzleFlashScale>
      </li>
    </verbs>
		<weaponTags>
			<li>GWBWastelandSimple</li>
		</weaponTags>
    <tools>
      <li>
        <label>stock</label>
        <capacities>
          <li>Blunt</li>
        </capacities>
        <power>6</power>
        <cooldownTime>1.8</cooldownTime>
      </li>
      <li>
        <label>barrel</label>
        <capacities>
          <li>Blunt</li>
          <li>Poke</li>
        </capacities>
        <power>10</power>
        <cooldownTime>1.9</cooldownTime>
      </li>
    </tools>
  </ThingDef>
  
</Defs>
