﻿<?xml version="1.0" encoding="utf-8"?>
<Defs>

  <TraderKindDef>
    <defName>GWBBlueArmy_Visitor</defName>
    <label>recon</label>
    <stockGenerators>
      <li Class="StockGenerator_SingleDef">
        <thingDef>Silver</thingDef>
        <countRange>
          <min>250</min>
          <max>500</max>
        </countRange>
      </li>
      <li Class="StockGenerator_SingleDef">
        <thingDef>ComponentIndustrial</thingDef>
				<price>Expensive</price>
				<countRange>
          <min>2</min>
          <max>5</max>
        </countRange>
      </li>
			<li Class="StockGenerator_SingleDef">
				<thingDef>MealSurvivalPack</thingDef>
				<price>VeryCheap</price>
				<countRange>
					<min>5</min>
					<max>10</max>
				</countRange>
			</li>
					<li Class="StockGenerator_SingleDef">
				<thingDef>MedicineIndustrial</thingDef>
				<price>VeryCheap</price>
				<countRange>
					<min>2</min>
					<max>8</max>
				</countRange>
			</li>
      <li Class="StockGenerator_WeaponsRanged">
	  <price>Cheap</price>
        <countRange>
          <min>1</min>
          <max>2</max>
        </countRange>
      </li>
      <li Class="StockGenerator_Clothes">
        <countRange>
          <min>0</min>
          <max>1</max>
        </countRange>
      </li>
			<li Class="StockGenerator_BuyArt" />
			<li Class="StockGenerator_BuyWeirdOrganic" />
      <li Class="StockGenerator_MultiDef">
        <thingDefs>
          <li>Cloth</li>
          <li>Chocolate</li>
        </thingDefs>
      </li>
    </stockGenerators>
  </TraderKindDef>

</Defs>
