﻿<?xml version="1.0" encoding="utf-8"?>
<Defs>

  <TraderKindDef>
    <defName>GWBYellowArmy_CombatSupplier</defName>
    <label>militia supplier</label>
    <commonality>1</commonality>
    <stockGenerators>
	
      <li Class="StockGenerator_SingleDef">
        <thingDef>Silver</thingDef>
        <countRange>
					<min>25000</min>
					<max>50000</max>
        </countRange>
      </li>
	  
	  	  	  	    <li Class="StockGenerator_SingleDef">
        <thingDef>MechSerumNeurotrainer</thingDef>
		<price>Expensive</price>
        <countRange>
          <min>2</min>
          <max>4</max>
        </countRange>
      </li>
	  
	 
	   <li Class="StockGenerator_WeaponsRanged">
	   <price>VeryCheap</price>
        <countRange>
          <min>3</min>
          <max>4</max>
       </countRange>
      </li>
      <li Class="StockGenerator_Category">
        <categoryDef>WeaponsMelee</categoryDef>
		<price>VeryCheap</price>
        <thingDefCountRange>
          <min>-2</min>
          <max>4</max>
        </thingDefCountRange>
        <countRange>
          <min>1</min>
          <max>2</max>
        </countRange>
      </li>
      <li Class="StockGenerator_Armor">
	  <price>Cheap</price>
        <countRange>
          <min>2</min>
          <max>4</max>
        </countRange>
      </li>
      <li Class="StockGenerator_Tag">
        <tradeTag>TechHediff</tradeTag>
        <thingDefCountRange>
          <min>3</min>
          <max>4</max>
        </thingDefCountRange>
        <countRange>
          <min>2</min>
          <max>4</max>
        </countRange>
      </li>
	

      <li Class="StockGenerator_SingleDef">
        <thingDef>Steel</thingDef>
        <countRange>
          <min>250</min>
          <max>500</max>
        </countRange>
      </li>
	  
      <li Class="StockGenerator_SingleDef">
        <thingDef>Cloth</thingDef>
        <countRange>
          <min>250</min>
          <max>400</max>
        </countRange>
      </li>
			<li Class="StockGenerator_SingleDef">
				<thingDef>Chemfuel</thingDef>
				<countRange>
					<min>500</min>
					<max>800</max>
				</countRange>
			</li>
			
			<li Class="StockGenerator_SingleDef">
				<thingDef>Beer</thingDef>
				<totalPriceRange>
					<min>-100</min>
					<max>120</max>
				</totalPriceRange>
			</li>
			
			<li Class="StockGenerator_BuyArt" />
			<li Class="StockGenerator_BuyWeirdOrganic" />
			<li Class="StockGenerator_BuyExpensiveSimple" />
			
	  
	  
    </stockGenerators>
  </TraderKindDef>

  	  <!--=== PirateMerch ===-->
  
  <TraderKindDef>
    <defName>GWBYellowArmy_PirateMerchant</defName>
    <label>logistics crew</label>
    <commonality>1</commonality>
    <stockGenerators>
      <li Class="StockGenerator_SingleDef">
        <thingDef>Silver</thingDef>
        <countRange>
					<min>5000</min>
					<max>15000</max>
        </countRange>
      </li>
      <li Class="StockGenerator_Slaves">
        <countRange>
          <min>2</min>
          <max>4</max>
        </countRange>
      </li>
	 
	
	  	        <li Class="StockGenerator_SingleDef">
        <thingDef>MealSurvivalPack</thingDef>
		<price>VeryCheap</price>
        <countRange>
          <min>100</min>
          <max>200</max>
        </countRange>
      </li>
	  
	  	        <li Class="StockGenerator_SingleDef">
        <thingDef>MedicineIndustrial</thingDef>
		<price>VeryCheap</price>
        <countRange>
          <min>50</min>
          <max>100</max>
        </countRange>
      </li>
	  
	  	  	  	    <li Class="StockGenerator_SingleDef">
        <thingDef>MechSerumNeurotrainer</thingDef>
		<price>Expensive</price>
        <countRange>
          <min>2</min>
          <max>4</max>
        </countRange>
      </li>
	  

      <li Class="StockGenerator_SingleDef">
        <thingDef>MedicineIndustrial</thingDef>
        <price>VeryCheap</price>
        <countRange>
          <min>150</min>
          <max>250</max>
        </countRange>
      </li>
	  
	   <li Class="StockGenerator_SingleDef">
        <thingDef>ComponentIndustrial</thingDef>
                  <price>VeryCheap</price>
        <countRange>
          <min>50</min>
          <max>100</max>
        </countRange>
      </li>
      <li Class="StockGenerator_SingleDef">
        <thingDef>Steel</thingDef>
                  <price>VeryCheap</price>
        <countRange>
          <min>500</min>
          <max>1000</max>
        </countRange>
      </li>
      <li Class="StockGenerator_SingleDef">
        <thingDef>WoodLog</thingDef>
                  <price>VeryCheap</price>
        <countRange>
          <min>500</min>
          <max>1000</max>
        </countRange>
      </li>
      <li Class="StockGenerator_SingleDef">
        <thingDef>Plasteel</thingDef>
                  <price>VeryCheap</price>
        <countRange>
          <min>90</min>
          <max>500</max>
        </countRange>
      </li>
      <li Class="StockGenerator_SingleDef">
        <thingDef>Cloth</thingDef>
                  <price>VeryCheap</price>
        <countRange>
          <min>800</min>
          <max>2000</max>
        </countRange>
		</li>
		      <li Class="StockGenerator_SingleDef">
        <thingDef>Synthread</thingDef>
                  <price>VeryCheap</price>
        <countRange>
          <min>200</min>
          <max>400</max>
        </countRange>
		</li>
		      <li Class="StockGenerator_SingleDef">
        <thingDef>Hyperweave</thingDef>
                  <price>VeryCheap</price>
        <countRange>
          <min>50</min>
          <max>150</max>
        </countRange>
		</li>
		      <li Class="StockGenerator_Tag">
        <tradeTag>BodyPartOrImplant</tradeTag>
                  <price>VeryCheap</price>
        <thingDefCountRange>
          <min>2</min>
          <max>4</max>
        </thingDefCountRange>
        <countRange>
          <min>2</min>
          <max>4</max>
        </countRange>
      </li>
      <li Class="StockGenerator_Tag">
        <tradeTag>Exotic</tradeTag>
                  <price>VeryCheap</price>
        <thingDefCountRange>
          <min>1</min>
          <max>4</max>
        </thingDefCountRange>
        <countRange>
          <min>1</min>
          <max>2</max>
        </countRange>
      </li>
      <li Class="StockGenerator_Tag">
        <tradeTag>Artifact</tradeTag>
                  <price>VeryCheap</price>
        <thingDefCountRange>
          <min>1</min>
          <max>4</max>
        </thingDefCountRange>
        <countRange>
          <min>1</min>
          <max>1</max>
        </countRange>
      </li>
      <li Class="StockGenerator_Category">
        <categoryDef>ResourcesRaw</categoryDef>
                  <price>VeryCheap</price>
        <thingDefCountRange>
          <min>2</min>
          <max>4</max>
        </thingDefCountRange>
        <totalPriceRange>
          <min>250</min>
          <max>500</max>
        </totalPriceRange>
      </li>
      <li Class="StockGenerator_Category">
        <categoryDef>FoodRaw</categoryDef>
                  <price>VeryCheap</price>
				<excludedCategories><li>EggsFertilized</li></excludedCategories>
				<thingDefCountRange>
          <min>2</min>
          <max>4</max>
        </thingDefCountRange>
        <totalPriceRange>
          <min>200</min>
          <max>500</max>
        </totalPriceRange>
      </li>
      <li Class="StockGenerator_Category">
        <categoryDef>FoodMeals</categoryDef>
                  <price>VeryCheap</price>
        <thingDefCountRange>
          <min>1</min>
          <max>2</max>
        </thingDefCountRange>
        <countRange>
          <min>12</min>
          <max>50</max>
        </countRange>
      </li>
      <li Class="StockGenerator_Tag">
        <tradeTag>Furniture</tradeTag>
                  <price>VeryCheap</price>
        <thingDefCountRange>
          <min>3</min>
          <max>4</max>
        </thingDefCountRange>
        <countRange>
          <min>1</min>
          <max>2</max>
        </countRange>
      </li>

      <li Class="StockGenerator_BuyArt" />
      <li Class="StockGenerator_BuyWeirdOrganic" />
      <li Class="StockGenerator_BuySingleDef">
        <thingDef>Gold</thingDef>
      </li>
    </stockGenerators>
  </TraderKindDef>

</Defs>
