﻿<?xml version="1.0" encoding="utf-8" ?>

<Defs>
  
    <PawnKindDef Name="GWBBlueArmyBase" Abstract="True">
    <race>Human</race>
    <defaultFactionType>GWBBlueArmy</defaultFactionType>
    <backstoryCategories>
      <!--<li>Traveler</li>
	  <li>Civil</li>-->
	  <li>Raider</li>
    </backstoryCategories>
    <chemicalAddictionChance>0</chemicalAddictionChance>
    <invNutrition>2.55</invNutrition>
    <invFoodDef>MealSurvivalPack</invFoodDef>
    <itemQuality>Normal</itemQuality>
	<!--<itemQuality>Normal</itemQuality>-->
    <backstoryCryptosleepCommonality>0.08</backstoryCryptosleepCommonality>
    <maxGenerationAge>60</maxGenerationAge>
    <combatEnhancingDrugsChance>0</combatEnhancingDrugsChance>
    <combatEnhancingDrugsCount>
      <min>0</min>
      <max>0</max>
    </combatEnhancingDrugsCount>
	<inventoryOptions>
	<skipChance>0</skipChance>
	   <thingDef>MealSurvivalPack</thingDef>
        <countRange>
        <min>2</min>
        <max>4</max>
      </countRange>
    </inventoryOptions>
  </PawnKindDef>
  
    <!-- Mid merc tier - gunner, slasher, sniper, heavy -->

  <PawnKindDef ParentName="GWBBlueArmyBase" Name="GWBGruntBase" Abstract="True">
    <techHediffsChance>0.10</techHediffsChance>
    <techHediffsMoney>
      <min>700</min>
      <max>5000</max>
    </techHediffsMoney>
    <techHediffsTags>
      <!--<li>Simple</li>-->
      <li>Advanced</li>
    </techHediffsTags>
  </PawnKindDef>
 
 <!-- Private -->
 
       <PawnKindDef ParentName="GWBBlueArmyBase">
    <defName>GWBBlueArmy_Pvt</defName>
    <label>private</label>
    <combatPower>50</combatPower>
    <gearHealthRange>
      <min>1</min>
      <max>1</max>
    </gearHealthRange>
 	  <apparelTags>
      <li>BlueArmy_Uniform</li>
      <li>BlueArmy_Hat</li>
	  </apparelTags>
	 <apparelRequired>
	  <li>Apparel_RimwaveBlueCoat</li>
	  <li>Apparel_RimwaveBlueHelmet</li>
     </apparelRequired>	
    <apparelMoney>
      <min>2000</min>
      <max>3500</max>
    </apparelMoney>
    <apparelAllowHeadgearChance>2</apparelAllowHeadgearChance>
    <weaponMoney>
      <min>370</min>
      <max>650</max>
    </weaponMoney>
	    <weaponTags>
	    <li>GWBWastelandSimple</li>
		<li>SimpleGun</li>
		</weaponTags>
    <combatEnhancingDrugsChance>0</combatEnhancingDrugsChance>
    <combatEnhancingDrugsCount>
      <min>0</min>
      <max>0</max>
    </combatEnhancingDrugsCount>
    <inventoryOptions>
      <skipChance>0</skipChance>
      <subOptionsChooseOne>
        <li>
          <thingDef>Silver</thingDef>
          <countRange>
            <min>50</min>
            <max>200</max>
          </countRange>
        </li>   
		<li>
          <thingDef>MedicineIndustrial</thingDef>
          <countRange>
            <min>1</min>
            <max>4</max>
          </countRange>
        </li>
      </subOptionsChooseOne>
    </inventoryOptions>
	<isFighter>true</isFighter>
	<apparelIgnoreSeasons>true</apparelIgnoreSeasons>
  </PawnKindDef>

  
   <!-- Corporal -->
  
         <PawnKindDef ParentName="GWBBlueArmyBase">
	    <defName>GWBBlueArmy_Cpl</defName>
		<label>Corporal</label>
    <combatPower>50</combatPower>
    <gearHealthRange>
      <min>1</min>
      <max>1</max>
    </gearHealthRange>
 	  <apparelTags>
      <li>BlueArmy_Uniform</li>
      <li>BlueArmy_Hat</li>
	  </apparelTags>
	 <apparelRequired>
	  <li>Apparel_RimwaveBlueCoat</li>
	  <li>Apparel_RimwaveBlueHelmet</li>
     </apparelRequired>	
    <apparelMoney>
      <min>2000</min>
      <max>3500</max>
    </apparelMoney>
    <apparelAllowHeadgearChance>2</apparelAllowHeadgearChance>
    <weaponMoney>
      <min>370</min>
      <max>650</max>
    </weaponMoney>
	    <weaponTags>
	    <li>GWBWastelandSimple</li>
		<li>IndustrialGunAdvanced</li>
		<li>SimpleGun</li>
		<li>SniperRifle</li>
		</weaponTags>
    <combatEnhancingDrugsChance>0</combatEnhancingDrugsChance>
    <combatEnhancingDrugsCount>
      <min>0</min>
      <max>0</max>
    </combatEnhancingDrugsCount>
    <inventoryOptions>
      <skipChance>0</skipChance>
      <subOptionsChooseOne>
        <li>
          <thingDef>Silver</thingDef>
          <countRange>
            <min>50</min>
            <max>200</max>
          </countRange>
        </li>   
		<li>
          <thingDef>MedicineIndustrial</thingDef>
          <countRange>
            <min>2</min>
            <max>5</max>
          </countRange>
        </li>
      </subOptionsChooseOne>
    </inventoryOptions>
	<isFighter>true</isFighter>
	<apparelIgnoreSeasons>true</apparelIgnoreSeasons>
  </PawnKindDef>


   <!-- Sergeant -->
   
     
         <PawnKindDef ParentName="GWBBlueArmyBase">
		<defName>GWBBlueArmy_Sgt</defName>
		<label>Sergeant</label>
    <combatPower>50</combatPower>
    <gearHealthRange>
      <min>1</min>
      <max>1</max>
    </gearHealthRange>
 	  <apparelTags>
      <li>BlueArmy_Uniform</li>
      <li>BlueArmy_Hat</li>
	  </apparelTags>
	 <apparelRequired>
	  <li>Apparel_RimwaveBlueCoat</li>
	  <li>Apparel_RimwaveBlueHelmet</li>
     </apparelRequired>	
    <apparelMoney>
      <min>2000</min>
      <max>3500</max>
    </apparelMoney>
    <apparelAllowHeadgearChance>2</apparelAllowHeadgearChance>
    <weaponMoney>
      <min>370</min>
      <max>650</max>
    </weaponMoney>
    <weaponTags>
	    <li>GWBWastelandSimple</li>
		<li>IndustrialGunAdvanced</li>
		<li>SniperRifle</li>
    </weaponTags>
    <combatEnhancingDrugsChance>0</combatEnhancingDrugsChance>
    <combatEnhancingDrugsCount>
      <min>0</min>
      <max>0</max>
    </combatEnhancingDrugsCount>
    <inventoryOptions>
      <skipChance>0</skipChance>
      <subOptionsChooseOne>
        <li>
          <thingDef>Silver</thingDef>
          <countRange>
            <min>50</min>
            <max>200</max>
          </countRange>
        </li>   
		<li>
          <thingDef>MedicineIndustrial</thingDef>
          <countRange>
            <min>2</min>
            <max>5</max>
          </countRange>
        </li>
      </subOptionsChooseOne>
    </inventoryOptions>
	<isFighter>true</isFighter>
	<apparelIgnoreSeasons>true</apparelIgnoreSeasons>
  </PawnKindDef>
  
  <!-- Staff Sergeant -->
  
      <PawnKindDef ParentName="GWBGruntBase">
    <defName>GWBBlueArmy_StaffSgt</defName>
    <label>Staff Sergeant</label>
    <combatPower>140</combatPower>
    <gearHealthRange>
      <min>1</min>
      <max>1</max>
    </gearHealthRange>
	 <apparelTags>
      <li>BlueArmy_Uniform</li>
      <li>BlueArmy_Hat</li>
	  </apparelTags>
	 <apparelRequired>
	  <li>Apparel_RimwaveBlueCoat</li>
	  <li>Apparel_RimwaveBlueHelmet</li>
     </apparelRequired>	
    <apparelMoney>
      <min>2000</min>
      <max>3500</max>
    </apparelMoney>
    <apparelAllowHeadgearChance>2</apparelAllowHeadgearChance>
    <weaponMoney>
      <min>370</min>
      <max>650</max>
    </weaponMoney>
    <weaponTags>
	    <li>GWBWastelandSimple</li>
		<li>IndustrialGunAdvanced</li>
		<li>SniperRifle</li>
		<li>GunHeavy</li>
    </weaponTags>
    <combatEnhancingDrugsChance>0.1</combatEnhancingDrugsChance>
    <combatEnhancingDrugsCount>
      <min>0</min>
      <max>3</max>
    </combatEnhancingDrugsCount>
    <inventoryOptions>
      <skipChance>0</skipChance>
      <subOptionsChooseOne>
        <li>
          <thingDef>Silver</thingDef>
          <countRange>
            <min>350</min>
            <max>500</max>
          </countRange>
        </li>
				<li>
					<thingDef>MedicineIndustrial</thingDef>
					<countRange>
						<min>2</min>
						<max>5</max>
					</countRange>
				</li>		
      </subOptionsChooseOne>
    </inventoryOptions>
	<isFighter>true</isFighter>
	<apparelIgnoreSeasons>true</apparelIgnoreSeasons>
  </PawnKindDef>
  
  <!-- Flamer -->  
  
      <PawnKindDef ParentName="GWBGruntBase">
	<defName>GWBBlueArmy_Flamer</defName>
    <label>Flamer</label>
    <combatPower>130</combatPower>
    <gearHealthRange>
      <min>1</min>
      <max>1</max>
    </gearHealthRange>
	 <apparelTags>
      <li>BlueArmy_Uniform</li>
      <li>BlueArmy_Hat</li>
	  <li>GWB_Flamer</li>
	  </apparelTags>
	 <apparelRequired>
	  <li>Apparel_RimwaveBlueCoat</li>
	  <li>Apparel_RimwaveBlueHelmet</li>
	  <li>Apparel_RimwaveFlamerpack</li>
     </apparelRequired>	
    <apparelMoney>
      <min>2000</min>
      <max>3500</max>
    </apparelMoney>
    <apparelAllowHeadgearChance>2</apparelAllowHeadgearChance>
    <weaponMoney>
      <min>570</min>
      <max>1050</max>
    </weaponMoney>
    <weaponTags>
 	  <li>GWBWastelandFlamer</li>
    </weaponTags>
    <combatEnhancingDrugsChance>0</combatEnhancingDrugsChance>
    <combatEnhancingDrugsCount>
      <min>0</min>
      <max>0</max>
    </combatEnhancingDrugsCount>
    <inventoryOptions>
      <skipChance>0</skipChance>
      <subOptionsChooseOne>
        <li>
          <thingDef>Chemfuel</thingDef>
          <countRange>
            <min>50</min>
            <max>200</max>
          </countRange>
        </li>
				<li>
					<thingDef>MedicineIndustrial</thingDef>
					<countRange>
						<min>2</min>
						<max>5</max>
					</countRange>
				</li>		
      </subOptionsChooseOne>
    </inventoryOptions>
	<isFighter>true</isFighter>
	<apparelIgnoreSeasons>true</apparelIgnoreSeasons>
  </PawnKindDef>
  
  <!-- Sniper -->    
  
        <PawnKindDef ParentName="GWBGruntBase">
    <defName>GWBBlueArmy_Sniper</defName>
    <label>Sniper</label>
    <combatPower>130</combatPower>
    <gearHealthRange>
      <min>1</min>
      <max>1</max>
    </gearHealthRange>
 	 <apparelTags>
      <li>BlueArmy_Uniform</li>
      <li>BlueArmy_Hat</li>
	  </apparelTags>
	 <apparelRequired>
	  <li>Apparel_RimwaveBlueCoat</li>
	  <li>Apparel_RimwaveBlueHelmet</li>
     </apparelRequired>	
    <apparelMoney>
      <min>2000</min>
      <max>3500</max>
    </apparelMoney>
    <apparelAllowHeadgearChance>2</apparelAllowHeadgearChance>
    <weaponMoney>
      <min>530</min>
      <max>1050</max>
    </weaponMoney>
    <weaponTags>
		<li>SniperRifle</li>
    </weaponTags>
    <combatEnhancingDrugsChance>0.1</combatEnhancingDrugsChance>
    <combatEnhancingDrugsCount>
      <min>0</min>
      <max>2</max>
    </combatEnhancingDrugsCount>
    <inventoryOptions>
      <skipChance>0</skipChance>
      <subOptionsChooseOne>
        <li>
          <thingDef>Silver</thingDef>
          <countRange>
            <min>250</min>
            <max>500</max>
          </countRange>
        </li>
				<li>
					<thingDef>MedicineIndustrial</thingDef>
					<countRange>
						<min>2</min>
						<max>5</max>
					</countRange>
				</li>
      </subOptionsChooseOne>
    </inventoryOptions>
	<isFighter>true</isFighter>
	<apparelIgnoreSeasons>true</apparelIgnoreSeasons>
  </PawnKindDef>
  
  <!-- Boss -->    
  
        <PawnKindDef ParentName="GWBGruntBase">
    <defName>GWBBlueArmy_Boss</defName>
    <label>General</label>
    <combatPower>140</combatPower>
    <gearHealthRange>
      <min>1</min>
      <max>1</max>
    </gearHealthRange>
 	 <apparelTags>
      <li>BlueArmy_Uniform</li>
      <li>BlueArmy_Hat</li>
	  </apparelTags>
	 <apparelRequired>
	  <li>Apparel_RimwaveBlueCoat</li>
	  <li>Apparel_RimwaveBlueHelmet</li>
     </apparelRequired>	
    <apparelMoney>
      <min>2000</min>
      <max>3500</max>
    </apparelMoney>
    <apparelAllowHeadgearChance>2</apparelAllowHeadgearChance>
    <weaponMoney>
      <min>1000</min>
      <max>2650</max>
    </weaponMoney>
    <weaponTags>
	  <li>GunHeavy</li>
    </weaponTags>
    <combatEnhancingDrugsChance>1</combatEnhancingDrugsChance>
    <combatEnhancingDrugsCount>
      <min>0</min>
      <max>3</max>
    </combatEnhancingDrugsCount>
    <inventoryOptions>
      <skipChance>0</skipChance>
      <subOptionsChooseOne>
        <li>
          <thingDef>Silver</thingDef>
          <countRange>
            <min>500</min>
            <max>800</max>
          </countRange>
        </li>
				<li>
					<thingDef>MedicineIndustrial</thingDef>
					<countRange>
						<min>2</min>
						<max>5</max>
					</countRange>
				</li>		
      </subOptionsChooseOne>
    </inventoryOptions>
	<isFighter>true</isFighter>
	<apparelIgnoreSeasons>true</apparelIgnoreSeasons>
  </PawnKindDef>

  <!-- Trader -->    

    <PawnKindDef ParentName="GWBGruntBase">
    <defName>GWBBlueArmy_Trader</defName>
    <label>trader</label>
    <trader>true</trader>
    <combatPower>40</combatPower>
    <isFighter>false</isFighter>
    <gearHealthRange>
      <min>1</min>
      <max>1</max>
    </gearHealthRange>
    <itemQuality>Normal</itemQuality>
    <weaponTags>
	 <li>GWBWastelandSimple</li>
    </weaponTags>
    <weaponMoney>
      <min>480</min>
      <max>1200</max>
    </weaponMoney>
    <apparelMoney>
      <min>400</min>
      <max>600</max>
    </apparelMoney>
 	 <apparelTags>
      <li>BlueArmy_Uniform</li>
      <li>BlueArmy_Hat</li>
	  </apparelTags>
	 <apparelRequired>
	  <li>Apparel_RimwaveBlueCoat</li>
	  <li>Apparel_RimwaveBlueHelmet</li>
     </apparelRequired>	
    <techHediffsChance>0.15</techHediffsChance>
    <techHediffsMoney>
      <min>500</min>
      <max>1500</max>
    </techHediffsMoney>
    <techHediffsTags>
      <li>Advanced</li>
    </techHediffsTags>
  </PawnKindDef>

</Defs>
